{
  "name": "Arcanum Core \u221e Universal",
  "version": "v1 FULL LIVING BILINGUAL",
  "created": "2025-10-27T13:40:19.078395Z",
  "mode": "Dual-Safe (Mainnet+Devnet)",
  "wallets": [
    "ACWTJLXiXUhfap1ygt1BpLYHscjeaPNEVH6pPNf72MK3",
    "HFNFcP3yJiYtMF2Gzz7RcNiXbLiH4M4TcSYz5TDq26fX"
  ],
  "tokens": {
    "AQR": "8h4jvgTSSN6xeV6TPMMwCSdmStNdKYUrxhLSB2pBJNZM",
    "AUREA": "Evtmyoa2e4fqVByhy1SvSJCvP6kYV8ZSJXdAgZJiZray"
  },
  "gateways": [
    "https://<CID>.ipfs.w3s.link/",
    "https://<CID>.ipfs.dweb.link/",
    "https://ipfs.io/ipfs/<CID>/"
  ]
}